Название;Цена;Метро;Фотография;Ссылка на товар
Бампер задний на Киа Каренс 2008 год;6 000  ;Планерная;https://11.img.avito.st/208x156/3262909711.jpg;www.avito.ru/moskva/zapchasti_i_aksessuary/bamper_zadniy_na_kia_karens_2008_god_898340023
Бампер на Киа Каренс 2006;4 500  ;Волгоградский проспект;https://09.img.avito.st/208x156/5602911509.jpg;www.avito.ru/moskva/zapchasti_i_aksessuary/bamper_na_kia_karens_2006_1574284315
Бампер задний Kia Carens;2 700  ;Аннино;https://29.img.avito.st/208x156/5123745529.jpg;www.avito.ru/moskva/zapchasti_i_aksessuary/bamper_zadniy_kia_carens_1504381613
Бампер задний Киа Каренс Carens;Цена не указан;Медведково;https://17.img.avito.st/208x156/5481048017.jpg;www.avito.ru/moskva/zapchasti_i_aksessuary/bamper_zadniy_kia_karens_carens_1366457763
Бампер задний б/у;2 000  ;Красносельская;https://69.img.avito.st/208x156/8493574969.jpg;www.avito.ru/moskva/zapchasti_i_aksessuary/bamper_zadniy_bu_1897929248
Разбор автомобилей бампер на автомобиль;1 000  ;Третьяковская;https://13.img.avito.st/208x156/6232315913.jpg;www.avito.ru/moskva/zapchasti_i_aksessuary/razbor_avtomobiley_bamper_na_avtomobil_1791022668
Бампер передний Kia Carens (UN) 2006-2012;10 000  ;Битцевский парк;https://75.img.avito.st/208x156/8085951175.jpg;www.avito.ru/moskva/zapchasti_i_aksessuary/bamper_peredniy_kia_carens_un_2006-2012_1885635722
Kia Carens 1 передний бампер;5 000  ;Парк Победы;https://14.img.avito.st/208x156/9025501314.jpg;www.avito.ru/moskva/zapchasti_i_aksessuary/kia_carens_1_peredniy_bamper_1962864107
Бампер передний Kia Carens 2.0 бу из Европы гарант;8 000  ;Марьино;https://51.img.avito.st/208x156/8950316751.jpg;www.avito.ru/moskva/zapchasti_i_aksessuary/bamper_peredniy_kia_carens_2.0_bu_iz_evropy_garant_1968474676
Бу бампер передний KIA Carens Каренс с 2006г;3 500  ;Волгоградский проспект;https://14.img.avito.st/208x156/4463222914.jpg;www.avito.ru/moskva/zapchasti_i_aksessuary/bu_bamper_peredniy_kia_carens_karens_s_2006g_1365339063
Гур на Kia Spectra, Carens, Shuma контрактный бу;1 500  ;Юго-Восточная;https://19.img.avito.st/208x156/4125287319.jpg;www.avito.ru/moskva/zapchasti_i_aksessuary/gur_na_kia_spectra_carens_shuma_kontraktnyy_bu_1015942593
Бампер Kia Carens 2;16 000  ;Текстильщики;https://97.img.avito.st/208x156/8761974097.jpg;www.avito.ru/moskva/zapchasti_i_aksessuary/bamper_kia_carens_2_1929613482
Бампер передний Киа Каренс Carens 2006 2007 2008;4 500  ;Волгоградский проспект;https://62.img.avito.st/208x156/8794722862.jpg;www.avito.ru/moskva/zapchasti_i_aksessuary/bamper_peredniy_kia_karens_carens_2006_2007_2008_1021901871
Бампер задний Kia Carens 3 2006-2012;2 000  ;Строгино;https://54.img.avito.st/208x156/7909707454.jpg;www.avito.ru/moskva/zapchasti_i_aksessuary/bamper_zadniy_kia_carens_3_2006-2012_1852701203
Бампер передний Киа Каренс (рс) Kia Carens (RS);3 500  ;Аннино;https://32.img.avito.st/208x156/8278467932.jpg;www.avito.ru/moskva/zapchasti_i_aksessuary/bamper_peredniy_kia_karens_rs_kia_carens_rs_887804119
Бампер передний Киа Каренс ун Kia Carens UN;7 000  ;Аннино;https://87.img.avito.st/208x156/8935624687.jpg;www.avito.ru/moskva/zapchasti_i_aksessuary/bamper_peredniy_kia_karens_un_kia_carens_un_1972498609
Бампер передний Kia Carens 1 1999-2002;6 500  ;Варшавская;https://91.img.avito.st/208x156/5773420891.jpg;www.avito.ru/moskva/zapchasti_i_aksessuary/bamper_peredniy_kia_carens_1_1999-2002_1769247412
Бампер перед Kia Carens 2;7 800  ;Охотный ряд;https://69.img.avito.st/208x156/5986953369.jpg;www.avito.ru/moskva/zapchasti_i_aksessuary/bamper_pered_kia_carens_2_1792453348
Бампер передний Киа Каренс (рс) Kia Carens (RS);3 500  ;Аннино;https://94.img.avito.st/208x156/8119071094.jpg;www.avito.ru/moskva/zapchasti_i_aksessuary/bamper_peredniy_kia_karens_rs_kia_carens_rs_1876897514
Бампер левый задний KIA Carens, 2008;5 900  ;Тульская;https://49.img.avito.st/208x156/8940404649.jpg;www.avito.ru/moskva/zapchasti_i_aksessuary/bamper_levyy_zadniy_kia_carens_2008_1951001243
Задний бампер Kia Carens 3 2013-H.B;1 700  ;р-н Капотня;https://46.img.avito.st/208x156/4762191046.jpg;www.avito.ru/moskva/zapchasti_i_aksessuary/zadniy_bamper_kia_carens_3_2013-h.b_824437480
Усилитель переднего бампера Киа каренс 3;2 000  ;Молодежная;https://87.img.avito.st/208x156/5227695387.jpg;www.avito.ru/moskva/zapchasti_i_aksessuary/usilitel_perednego_bampera_kia_karens_3_1225223941
Бампер передний KIA Carens, 2009;8 100  ;Мякинино;https://74.img.avito.st/208x156/7179649174.jpg;www.avito.ru/moskva/zapchasti_i_aksessuary/bamper_peredniy_kia_carens_2009_1823499871
Бампер перед.Киа Каренс 06-10/Kia Carens 06-10-III;4 500  ;Волгоградский проспект;https://55.img.avito.st/208x156/3760046955.jpg;www.avito.ru/moskva/zapchasti_i_aksessuary/bamper_pered.kia_karens_06-10kia_carens_06-10-iii_1005694308
Бампер передний Киа Каренс ун Kia Carens UN;7 500  ;Аннино;https://09.img.avito.st/208x156/8634311809.jpg;www.avito.ru/moskva/zapchasti_i_aksessuary/bamper_peredniy_kia_karens_un_kia_carens_un_1940378789
Бампер задний Kia Carens 1 2000-2006;5 000  ;Котельники;https://50.img.avito.st/208x156/8463204350.jpg;www.avito.ru/moskva/zapchasti_i_aksessuary/bamper_zadniy_kia_carens_1_2000-2006_1611038579
Усилитель бампера Kia Carens 2 (UN) 2006-2012 г.в;2 000  ;Юго-Восточная;https://46.img.avito.st/208x156/8175451746.jpg;www.avito.ru/moskva/zapchasti_i_aksessuary/usilitel_bampera_kia_carens_2_un_2006-2012_g.v_1859162288
Kia Carens BK Бампер передний Оригинал;6 500  ;Печатники;https://23.img.avito.st/208x156/8340437823.jpg;www.avito.ru/moskva/zapchasti_i_aksessuary/kia_carens_bk_bamper_peredniy_original_1914378649
Бампер передний Киа Каренс ун Kia Carens UN;7 500  ;Аннино;https://19.img.avito.st/208x156/8306869519.jpg;www.avito.ru/moskva/zapchasti_i_aksessuary/bamper_peredniy_kia_karens_un_kia_carens_un_1908728119
Усилитель бампера заднего KIA Carens 0K2FA50261;2 000  ;р-н Капотня;https://62.img.avito.st/208x156/3149122262.jpg;www.avito.ru/moskva/zapchasti_i_aksessuary/usilitel_bampera_zadnego_kia_carens_0k2fa50261_868113984
Kia Carens Бампер передний 865111D050;4 500  ;Волгоградский проспект;https://75.img.avito.st/208x156/4733697875.jpg;www.avito.ru/moskva/zapchasti_i_aksessuary/kia_carens_bamper_peredniy_865111d050_1435581248
Бампер задний KIA Carens, 2001;2 300  ;Мякинино;https://13.img.avito.st/208x156/8967797413.jpg;www.avito.ru/moskva/zapchasti_i_aksessuary/bamper_zadniy_kia_carens_2001_1854999331
Бампер передний KIA Carens, 2007;7 800  ;Тульская;https://69.img.avito.st/208x156/8936908269.jpg;www.avito.ru/moskva/zapchasti_i_aksessuary/bamper_peredniy_kia_carens_2007_1919723342
Фаркоп на Киа Каренс 2006-2013;6 390  ;Юго-Восточная;https://45.img.avito.st/208x156/8400616645.jpg;www.avito.ru/moskva/zapchasti_i_aksessuary/farkop_na_kia_karens_2006-2013_1892412137
Бампер передний KIA Carens, 2008;9 600  ;Мякинино;https://90.img.avito.st/208x156/8614248990.jpg;www.avito.ru/moskva/zapchasti_i_aksessuary/bamper_peredniy_kia_carens_2008_1919562770
Усилитель заднего бампера Киа каренс 3;2 500  ;Молодежная;https://64.img.avito.st/208x156/5227567764.jpg;www.avito.ru/moskva/zapchasti_i_aksessuary/usilitel_zadnego_bampera_kia_karens_3_1442344021
Передний бампер киа Каренс 06-09;4 500  ;Волгоградский проспект;https://90.img.avito.st/208x156/5658987090.jpg;www.avito.ru/moskva/zapchasti_i_aksessuary/peredniy_bamper_kia_karens_06-09_1685885311
Усилитель бампера передний Kia Carens 1;4 000  ;Котельники;https://60.img.avito.st/208x156/8463237160.jpg;www.avito.ru/moskva/zapchasti_i_aksessuary/usilitel_bampera_peredniy_kia_carens_1_1813974575
Киа Каренс 3 кронштейн бампера;500  ;Алексеевская;https://70.img.avito.st/208x156/4972943970.jpg;www.avito.ru/moskva/zapchasti_i_aksessuary/kia_karens_3_kronshteyn_bampera_841574391
Бампер задний Kia Carens;5 000  ;Аннино;https://04.img.avito.st/208x156/5950294304.jpg;www.avito.ru/moskva/zapchasti_i_aksessuary/bamper_zadniy_kia_carens_1765154301
Киа Каренс 3 решетка переднего бампера нижняя;1 000  ;Алексеевская;https://01.img.avito.st/208x156/4861812401.jpg;www.avito.ru/moskva/zapchasti_i_aksessuary/kia_karens_3_reshetka_perednego_bampera_nizhnyaya_970127602
Бампер передний Kia Carens 1 1999-2002;6 000  ;Мичуринский проспект;https://30.img.avito.st/208x156/8950707630.jpg;www.avito.ru/moskva/zapchasti_i_aksessuary/bamper_peredniy_kia_carens_1_1999-2002_1950696600
Усилитель заднего бампера Kia Carens;2 000  ;р-н Можайский;https://99.img.avito.st/208x156/4793815999.jpg;www.avito.ru/moskva/zapchasti_i_aksessuary/usilitel_zadnego_bampera_kia_carens_1090371285
Усилитель перед бампера Kia Carens 2;2 000  ;Охотный ряд;https://92.img.avito.st/208x156/5793177492.jpg;www.avito.ru/moskva/zapchasti_i_aksessuary/usilitel_pered_bampera_kia_carens_2_1760667957
Бампер передний KIA Carens, 2001;5 800  ;Мякинино;https://91.img.avito.st/208x156/8129621391.jpg;www.avito.ru/moskva/zapchasti_i_aksessuary/bamper_peredniy_kia_carens_2001_1855331288
Усилитель бампера заднего Kia Carens 2 2002-2006;1 700  ;Варшавская;https://93.img.avito.st/208x156/7879875293.jpg;www.avito.ru/moskva/zapchasti_i_aksessuary/usilitel_bampera_zadnego_kia_carens_2_2002-2006_979193218
Усилитель переднего бампера Hyundai / Kia Каренс 3;1 000  ;Бульвар Дмитрия Донского;https://58.img.avito.st/208x156/9020570458.jpg;www.avito.ru/moskva/zapchasti_i_aksessuary/usilitel_perednego_bampera_hyundai_kia_karens_3_1959608507
Киа Каренс 2 усилитель переднего бампера;2 000  ;Алексеевская;https://39.img.avito.st/208x156/5017416839.jpg;www.avito.ru/moskva/zapchasti_i_aksessuary/kia_karens_2_usilitel_perednego_bampera_805651049
Усилитель бампера передний Kia Carens 1;4 000  ;Котельники;https://78.img.avito.st/208x156/8463236378.jpg;www.avito.ru/moskva/zapchasti_i_aksessuary/usilitel_bampera_peredniy_kia_carens_1_1814668914
Усилитель заднего бампера Kia Carens 2006 - 2012;1 500  ;Измайлово;https://60.img.avito.st/208x156/8965290660.jpg;www.avito.ru/moskva/zapchasti_i_aksessuary/usilitel_zadnego_bampera_kia_carens_2006_-_2012_1949987831
